id;full_name;birth_date;address;phone_number;diagnosis
1;Steel Graphical User Interface;2020-07-21;Quality Architect;Cambridgeshire groupware;34953
2;Buckinghamshire;2020-07-21;Central African Republic Texas;Pre-emptive;21265
3;synergies Investment Account;2020-07-21;coherent Wooden application;open architecture Timor-Leste;31860
4;Texas;2020-07-21;withdrawal Credit Card Account;Generic;59167
5;synergistic Organic;2020-07-21;Cambridgeshire Berkshire;demand-driven sexy Unbranded;15740
6;Ohio Credit Card Account;2020-07-21;Home;wireless;20616
7;engineer GB Plastic;2020-07-21;back-end;Checking Account Sleek Concrete Shirt Avon;84765
8;override Australia customized;2020-07-21;optimizing yellow Movies;Loop;16766
9;Progressive navigating Synchronised;2020-07-21;navigating action-items;Cambridgeshire;5423
10;high-level turn-key deposit;2020-07-21;dot-com;contingency;51713
11;Steel Graphical User Interface;2020-07-21;Quality Architect;Cambridgeshire groupware;34953
12;Buckinghamshire;2020-07-21;Central African Republic Texas;Pre-emptive;21265
13;synergies Investment Account;2020-07-21;coherent Wooden application;open architecture Timor-Leste;31860
14;Texas;2020-07-21;withdrawal Credit Card Account;Generic;59167
15;synergistic Organic;2020-07-21;Cambridgeshire Berkshire;demand-driven sexy Unbranded;15740
16;Ohio Credit Card Account;2020-07-21;Home;wireless;20616
17;engineer GB Plastic;2020-07-21;back-end;Checking Account Sleek Concrete Shirt Avon;84765
18;override Australia customized;2020-07-21;optimizing yellow Movies;Loop;16766
19;Progressive navigating Synchronised;2020-07-21;navigating action-items;Cambridgeshire;5423
20;high-level turn-key deposit;2020-07-21;dot-com;contingency;51713
21;Steel Graphical User Interface;2020-07-21;Quality Architect;Cambridgeshire groupware;34953
22;Buckinghamshire;2020-07-21;Central African Republic Texas;Pre-emptive;21265
23;synergies Investment Account;2020-07-21;coherent Wooden application;open architecture Timor-Leste;31860
24;Texas;2020-07-21;withdrawal Credit Card Account;Generic;59167
25;synergistic Organic;2020-07-21;Cambridgeshire Berkshire;demand-driven sexy Unbranded;15740
26;Ohio Credit Card Account;2020-07-21;Home;wireless;20616
27;engineer GB Plastic;2020-07-21;back-end;Checking Account Sleek Concrete Shirt Avon;84765
28;override Australia customized;2020-07-21;optimizing yellow Movies;Loop;16766
29;Progressive navigating Synchronised;2020-07-21;navigating action-items;Cambridgeshire;5423
30;high-level turn-key deposit;2020-07-21;dot-com;contingency;51713
41;Steel Graphical User Interface;2020-07-21;Quality Architect;Cambridgeshire groupware;34953
42;Buckinghamshire;2020-07-21;Central African Republic Texas;Pre-emptive;21265
43;synergies Investment Account;2020-07-21;coherent Wooden application;open architecture Timor-Leste;31860
44;Texas;2020-07-21;withdrawal Credit Card Account;Generic;59167
45;synergistic Organic;2020-07-21;Cambridgeshire Berkshire;demand-driven sexy Unbranded;15740
46;Ohio Credit Card Account;2020-07-21;Home;wireless;20616
47;engineer GB Plastic;2020-07-21;back-end;Checking Account Sleek Concrete Shirt Avon;84765
48;override Australia customized;2020-07-21;optimizing yellow Movies;Loop;16766
49;Progressive navigating Synchronised;2020-07-21;navigating action-items;Cambridgeshire;5423
50;high-level turn-key deposit;2020-07-21;dot-com;contingency;51713
